alt.atheism\54242#===#Maddi###Maddi###Union_councils_of_Dera_Ismail_Khan_District@@@Populated_places_in_Dera_Ismail_Khan_District@@@	Nicknames###Cognomen###Ancient_Roman_cognomina@@@	Tan###Tan_(surname)###Chinese-language_surnames@@@	Tan###Sunburn###Sun_tanning@@@Skin_conditions_resulting_from_physical_factors@@@Ultraviolet_radiation@@@	Tan###Tan_(state)###States_and_territories_established_in_1046_BC@@@History_of_Shandong@@@Ancient_Chinese_states@@@	Chade###Chad###Chad@@@Countries_in_Africa@@@Arabic-speaking_countries_and_territories@@@French-speaking_countries_and_territories@@@Landlocked_countries@@@Least_developed_countries@@@Member_states_of_La_Francophonie@@@Member_states_of_the_Organisation_of_Islamic_Cooperation@@@Republics@@@States_and_territories_established_in_1960@@@Member_states_of_the_United_Nations@@@Central_African_countries@@@	Meng###Meng_(surname)###Chinese-language_surnames@@@	Meng###Tonga_Fifita###1959_births@@@Living_people@@@Professional_wrestling_managers_and_valets@@@The_First_Family_(professional_wrestling)_members@@@Tongan_expatriates_in_Japan@@@Tongan_emigrants_to_the_United_States@@@Tongan_professional_wrestlers@@@People_from_Tongatapu@@@Tongan_actors@@@The_Heenan_Family_members@@@	Somebody###Individual###Self@@@Individualism@@@Personhood@@@	Nickname###Cognomen###Ancient_Roman_cognomina@@@	Tan###Sunburn###Sun_tanning@@@Skin_conditions_resulting_from_physical_factors@@@Ultraviolet_radiation@@@	Tan###Tan_(surname)###Chinese-language_surnames@@@	Tan###Tan_(state)###States_and_territories_established_in_1046_BC@@@History_of_Shandong@@@Ancient_Chinese_states@@@	Chade###Chad###Chad@@@Countries_in_Africa@@@Arabic-speaking_countries_and_territories@@@French-speaking_countries_and_territories@@@Landlocked_countries@@@Least_developed_countries@@@Member_states_of_La_Francophonie@@@Member_states_of_the_Organisation_of_Islamic_Cooperation@@@Republics@@@States_and_territories_established_in_1960@@@Member_states_of_the_United_Nations@@@Central_African_countries@@@	Meng###Meng_(surname)###Chinese-language_surnames@@@	Meng###Tonga_Fifita###1959_births@@@Living_people@@@Professional_wrestling_managers_and_valets@@@The_First_Family_(professional_wrestling)_members@@@Tongan_expatriates_in_Japan@@@Tongan_emigrants_to_the_United_States@@@Tongan_professional_wrestlers@@@People_from_Tongatapu@@@Tongan_actors@@@The_Heenan_Family_members@@@	Chinese###Chinese_language###Chinese_language@@@Isolating_languages@@@Sinology@@@Language_versus_dialect@@@	nicknames###Cognomen###Ancient_Roman_cognomina@@@	nickname###Cognomen###Ancient_Roman_cognomina@@@	Maddi###Maddi###Union_councils_of_Dera_Ismail_Khan_District@@@Populated_places_in_Dera_Ismail_Khan_District@@@	Centigram###Orders_of_magnitude_(mass)###Orders_of_magnitude@@@Mass@@@	Communications###Communication###Communication@@@Communication_theory@@@	Corp###Corporation###Companies@@@Business_law@@@Corporations_law@@@Corporations@@@Legal_entities@@@Types_of_business_entity@@@	San###San_people###African_nomads@@@Ethnic_groups_in_Botswana@@@Ethnic_groups_in_Namibia@@@Ethnic_groups_in_South_Africa@@@Hunter-gatherers_of_Africa@@@Indigenous_peoples_of_Southern_Africa@@@Modern_nomads@@@World_Digital_Library_related@@@San_people@@@	San###San_(letter)###Greek_letters@@@	San###Japanese_honorifics###Japanese_honorifics@@@Japanese_vocabulary@@@Sociolinguistics@@@	San Jose California###San_Jose,_California###San_Jose,_California@@@Butterfield_Overland_Mail@@@Cities_in_Santa_Clara_County,_California@@@Cities_in_the_San_Francisco_Bay_Area@@@County_seats_in_California@@@Former_United_States_state_capitals@@@Incorporated_cities_and_towns_in_California@@@Populated_places_established_in_1777@@@1777_establishments_in_New_Spain@@@	California###Baja_California_peninsula###Geography_of_Baja_California@@@Geography_of_Baja_California_Sur@@@Natural_history_of_Baja_California@@@Natural_history_of_Baja_California_Sur@@@Gulf_of_California@@@Peninsulas_of_Mexico@@@Colonial_Mexico@@@Mexican_California@@@Regions_of_Mexico@@@Regions_of_Northern_Mexico@@@	California###California###California@@@States_and_territories_established_in_1850@@@States_of_the_United_States@@@West_Coast_of_the_United_States@@@	California###University_of_California,_Berkeley###Association_of_American_Universities@@@Association_of_Public_and_Land-Grant_Universities@@@California_Historical_Landmarks@@@Educational_institutions_established_in_1868@@@Flagship_universities_in_the_United_States@@@National_Register_of_Historic_Places_in_Alameda_County,_California@@@Schools_accredited_by_the_Western_Association_of_Schools_and_Colleges@@@School_buildings_on_the_National_Register_of_Historic_Places_in_California@@@Universities_and_colleges_in_Alameda_County,_California@@@University_of_California,_Berkeley@@@University_of_California@@@University_and_college_buildings_on_the_National_Register_of_Historic_Places_in_California@@@	California###California_(American_Music_Club_album)###1988_albums@@@American_Music_Club_albums@@@Frontier_Records_albums@@@	Kids###Minor_(law)###Ageism@@@Childhood@@@Juvenile_law@@@	Kids###Child###Childhood@@@Children@@@Developmental_psychology@@@Humans@@@	home###Home###Home@@@Human_habitats@@@
